id,zona,turno,dias,orden,punto_salida,punto_llegada,hora_salida,hora_llegada,campaneo,observaciones
1,ZONA 01,MAÑANA,"LUNES,MIERCOLES,VIERNES",1,"AV TUPAC AMARU, ESPINAR, JR. CANAS, JR.CALCA, LOCAL ALATRISTA, AV HUAYRUROPATA, AV. LOS INCAS, CLINICA MAC SALUD, SAN JOSE, ICPNA RESIDENCIAL, CLINICA CAMILA","Av. PEDRO VILCA APAZA",04:10,06:00,0,"RECOJO DE RRSS DE VIA PUBLICA (bloque completo)"
2,ZONA 01,MAÑANA,"LUNES,MIERCOLES,VIERNES",2,"Av. PEDRO VILCA APAZA","C.H PACHACUTEQ",06:00,06:20,1,"CAMPANEO"
3,ZONA 01,MAÑANA,"LUNES,MIERCOLES,VIERNES",3,"C.H PACHACUTEQ","PLAZA TUPAC AMARU",06:20,06:40,1,"CAMPANEO"
4,ZONA 01,MAÑANA,"LUNES,MIERCOLES,VIERNES",4,"PLAZA TUPAC AMARU","AV. TOMASA TTITO CONDEMAYTA",06:40,07:10,1,"CAMPANEO"
5,ZONA 01,MAÑANA,"LUNES,MIERCOLES,VIERNES",5,"AV. TOMASA TTITO CONDEMAYTA","AV. DIAGONAL ANGAMOS",07:10,07:40,1,"CAMPANEO"
6,ZONA 01,MAÑANA,"LUNES,MIERCOLES,VIERNES",6,"AV. DIAGONAL ANGAMOS","AV. MICAELA BASTIDAS",07:40,08:10,1,"CAMPANEO"
7,ZONA 01,MAÑANA,"LUNES,MIERCOLES,VIERNES",7,"AV. MICAELA BASTIDAS","AV. LA CULTURA",08:10,08:40,1,"CAMPANEO"
8,ZONA 01,MAÑANA,"LUNES,MIERCOLES,VIERNES",8,"AV. LA CULTURA","CONDOMINIO INGENIEROS",08:40,09:30,1,"CAMPANEO"
9,ZONA 01,MAÑANA,"LUNES,MIERCOLES,VIERNES",9,"CONDOMINIO INGENIEROS","CEVICHERIA DE HUAYROROPATA",09:30,09:50,1,"CAMPANEO"
10,ZONA 01,MAÑANA,"LUNES,MIERCOLES,VIERNES",10,"CEVICHERIA DE HUAYROROPATA","REPECHAJE AV. HUAYRUROPATA",09:50,10:00,0,"REPECHAJE"
11,ZONA 01,MAÑANA,"MARTES,JUEVES,SABADO",1,"AV. TULLUMAYO, ARCUPUNCO, AV. CULTURA (HASTA DIAGONAL)","AV. VELASCO ASTETE",04:10,06:00,0,"RECOJO DE RRSS DE VIA PUBLICA (bloque completo)"
12,ZONA 01,MAÑANA,"MARTES,JUEVES,SABADO",2,"AV. VELASCO ASTETE","URB. CAPAC YUPANQUI",06:00,06:30,1,"CAMPANEO"
13,ZONA 01,MAÑANA,"MARTES,JUEVES,SABADO",3,"URB. CAPAC YUPANQUI","CCHH. HILARIO MENDIVIL",06:30,06:40,1,"CAMPANEO"
14,ZONA 01,MAÑANA,"MARTES,JUEVES,SABADO",4,"CCHH. HILARIO MENDIVIL","URB. KENNEDY B",06:40,07:10,1,"CAMPANEO"
15,ZONA 01,MAÑANA,"MARTES,JUEVES,SABADO",5,"URB. KENNEDY B","URB. SAN JUDAS CHICO",07:10,07:40,1,"CAMPANEO"
16,ZONA 01,MAÑANA,"MARTES,JUEVES,SABADO",6,"URB. SAN JUDAS CHICO","URB. VELASCO ASTETE",07:40,08:00,1,"CAMPANEO"
17,ZONA 01,MAÑANA,"MARTES,JUEVES,SABADO",7,"URB. VELASCO ASTETE","URB. LOS ALAMOS",08:00,08:40,1,"CAMPANEO"
18,ZONA 01,MAÑANA,"MARTES,JUEVES,SABADO",8,"URB. LOS ALAMOS","URB. SR DE LOS MILAGROS",08:40,09:10,1,"CAMPANEO"
19,ZONA 01,MAÑANA,"MARTES,JUEVES,SABADO",9,"URB. SR DE LOS MILAGROS","AA HH. SOL NACIENTE",09:10,09:30,1,"CAMPANEO"
20,ZONA 02,MAÑANA,"LUNES,MIERCOLES,VIERNES",1,"RECOJO DE RRSS EN SUS RESPECTIVAS ZONAS, AV HUAMANTIANA","AV. PROLONGACION LOS INCAS",04:20,06:00,0,"Bloque inicial via publica"
21,ZONA 02,MAÑANA,"LUNES,MIERCOLES,VIERNES",2,"AV. PROLONGACION LOS INCAS","JR.JOSE CARLOS MARIATIGUE",06:00,06:20,1,"CAMPANEO"
22,ZONA 02,MAÑANA,"LUNES,MIERCOLES,VIERNES",3,"JR.JOSE CARLOS MARIATIGUE","JR RICARDO PALMA (parte baja) PASAJE JOSE DE LA AYA",06:20,06:30,1,"CAMPANEO"
23,ZONA 02,MAÑANA,"LUNES,MIERCOLES,VIERNES",4,"JR RICARDO PALMA (parte baja) PASAJE JOSE DE LA AYA","AV. GORDON MAGNE",06:30,06:50,1,"CAMPANEO"
24,ZONA 02,MAÑANA,"LUNES,MIERCOLES,VIERNES",5,"AV. GORDON MAGNE","PASAJE LOS CEDROS, CALLE ROVERTO ACOSTA",06:50,07:10,1,"CAMPANEO"
25,ZONA 02,MAÑANA,"LUNES,MIERCOLES,VIERNES",6,"PASAJE LOS CEDROS, CALLE ROVERTO ACOSTA","AV. CULTURA",07:10,07:20,1,"CAMPANEO"
26,ZONA 02,MAÑANA,"LUNES,MIERCOLES,VIERNES",7,"AV. CULTURA","URB. MARCAVALLE",07:20,07:40,1,"CAMPANEO"
27,ZONA 02,MAÑANA,"LUNES,MIERCOLES,VIERNES",8,"URB. MARCAVALLE","URB. CERVEZEROS",07:40,08:00,1,"CAMPANEO"
28,ZONA 02,MAÑANA,"LUNES,MIERCOLES,VIERNES",9,"URB. CERVEZEROS","AV. GASTON ZAPATA",08:00,08:20,1,"CAMPANEO"
29,ZONA 02,MAÑANA,"LUNES,MIERCOLES,VIERNES",10,"AV. GASTON ZAPATA","RICARDO PALMA",08:20,08:30,1,"CAMPANEO"
30,ZONA 02,MAÑANA,"LUNES,MIERCOLES,VIERNES",11,"RICARDO PALMA","PARQUE ESPAÑA",08:30,08:50,1,"CAMPANEO"
31,ZONA 02,MAÑANA,"LUNES,MIERCOLES,VIERNES",12,"PARQUE ESPAÑA","AV. CULTURA (CAJA CUSCO HASTA LA CANASTA)",08:50,09:00,1,"CAMPANEO"
32,ZONA 02,MAÑANA,"LUNES,MIERCOLES,VIERNES",13,"AV. CULTURA (CAJA CUSCO HASTA LA CANASTA)","JR. SANTOS CHOCANO, JR. CIRO ALEGRIA",09:00,09:20,1,"CAMPANEO"
33,ZONA 02,MAÑANA,"LUNES,MIERCOLES,VIERNES",14,"JR. SANTOS CHOCANO, JR. CIRO ALEGRIA","JR. J. MARIA ARGUEDAS, JR. CESAR VALLEJO",09:20,09:50,1,"CAMPANEO"
34,ZONA 02,MAÑANA,"LUNES,MIERCOLES,VIERNES",15,"JR. J. MARIA ARGUEDAS, JR. CESAR VALLEJO","COLEGIO SANTA ANA (LOS MIERCOLES)",09:50,10:00,1,"CAMPANEO (solo miercoles)"
35,ZONA 02,MAÑANA,"LUNES,MIERCOLES,VIERNES",16,"COLEGIO SANTA ANA (LOS MIERCOLES)","TALLER MECANICA CULTURA GRIFO",10:00,10:10,1,"CAMPANEO"
36,ZONA 02,MAÑANA,"LUNES,MIERCOLES,VIERNES",17,"TALLER MECANICA CULTURA GRIFO","CAJA CUSCO ETAPOY (URB. SANTA BEATRIZ)",10:10,10:30,1,"CAMPANEO"
37,ZONA 02,MAÑANA,"MARTES,JUEVES,SABADO",1,"RECOJO DE RRSS DE LA VIA PUBLICA","URB. KENNEDY A",04:20,06:00,0,"Bloque inicial via publica"
38,ZONA 02,MAÑANA,"MARTES,JUEVES,SABADO",2,"URB. KENNEDY A","SAN JUDAS CHICO",06:00,07:00,1,"CAMPANEO"
39,ZONA 02,MAÑANA,"MARTES,JUEVES,SABADO",3,"SAN JUDAS CHICO","URB. LA FLORIDA LAS GARDENIAS",07:00,07:40,1,"CAMPANEO"
40,ZONA 02,MAÑANA,"MARTES,JUEVES,SABADO",4,"URB. LA FLORIDA LAS GARDENIAS","URB. LA FLORIDA LOS CIPRECES",07:40,08:00,1,"CAMPANEO"
41,ZONA 02,MAÑANA,"MARTES,JUEVES,SABADO",5,"URB. LA FLORIDA LOS CIPRECES","JR. LOS KACTUS, JR. LAS CACTUS",08:00,08:30,1,"CAMPANEO"
42,ZONA 02,MAÑANA,"MARTES,JUEVES,SABADO",6,"JR. LOS KACTUS, JR. LAS CACTUS","JR. LAS BEGONIAS, JR. CLAVELES",08:30,08:50,1,"CAMPANEO"
43,ZONA 02,MAÑANA,"MARTES,JUEVES,SABADO",7,"JR. LAS BEGONIAS, JR. CLAVELES","AV. PERU",08:50,09:10,1,"CAMPANEO"
44,ZONA 02,MAÑANA,"MARTES,JUEVES,SABADO",8,"AV. PERU","AV. QOSQO",09:10,09:20,1,"CAMPANEO"
45,ZONA 02,MAÑANA,"MARTES,JUEVES,SABADO",9,"AV. QOSQO","JR. LIBERTAD (CEVICHERIA VICHAYITO) - JR. 18 DE MAYO",09:20,09:30,1,"CAMPANEO"
46,ZONA 02,MAÑANA,"MARTES,JUEVES,SABADO",10,"JR. LIBERTAD (CEVICHERIA VICHAYITO) - JR. 18 DE MAYO","AV. 28 DE JULIO (SUBIDA)",09:30,09:50,1,"CAMPANEO"
47,ZONA 03,MAÑANA,"LUNES,MIERCOLES,VIERNES",1,"RECOJO DE RRSS DE VIA PUBLICA, AV. 28 DE JULIO (SUBIDA), AV. PACHACUTEC, AV. MANCO CAPAC","AV. TACNA (PARTE ALTA)",04:20,06:00,0,"Bloque inicial via publica (sin campaneo)"
48,ZONA 03,MAÑANA,"LUNES,MIERCOLES,VIERNES",2,"AV. TACNA (PARTE ALTA)","AV. HUAYNA CAPAC (PARTE ALTA)",06:00,06:20,1,"CAMPANEO"
49,ZONA 03,MAÑANA,"LUNES,MIERCOLES,VIERNES",3,"AV. HUAYNA CAPAC (PARTE ALTA)","AV. HUASCAR (PARTE BAJA)",06:20,06:30,1,"CAMPANEO"
50,ZONA 03,MAÑANA,"LUNES,MIERCOLES,VIERNES",4,"AV. HUASCAR (PARTE BAJA)","AV. INFANCIA",06:30,07:40,1,"CAMPANEO"
51,ZONA 03,MAÑANA,"LUNES,MIERCOLES,VIERNES",5,"AV. INFANCIA","AV. LA PAZ",07:40,07:50,1,"CAMPANEO"
52,ZONA 03,MAÑANA,"LUNES,MIERCOLES,VIERNES",6,"AV. LA PAZ","AV. PRIMAVERA",07:50,08:00,1,"CAMPANEO"
53,ZONA 03,MAÑANA,"LUNES,MIERCOLES,VIERNES",7,"AV. PRIMAVERA","AV. CONFRATERNIDAD, CCHH. ALAMOS, CC HH. LA ALBORADA",08:00,08:20,1,"CAMPANEO"
54,ZONA 03,MAÑANA,"LUNES,MIERCOLES,VIERNES",8,"AV. CONFRATERNIDAD, CCHH. ALAMOS, CC HH. LA ALBORADA","LINIA FERRIA AV. ALAMEDA PACHACUTEC",08:20,08:30,1,"CAMPANEO"
55,ZONA 03,MAÑANA,"LUNES,MIERCOLES,VIERNES",9,"LINIA FERRIA AV. ALAMEDA PACHACUTEC","CENTRO ARTESANAL, AV. TULLUMAYO",08:30,08:50,1,"CAMPANEO"
56,ZONA 03,MAÑANA,"LUNES,MIERCOLES,VIERNES",10,"CENTRO ARTESANAL, AV. TULLUMAYO","CC.HH AMAUTA",08:50,09:00,1,"CAMPANEO"
57,ZONA 03,MAÑANA,"LUNES,MIERCOLES,VIERNES",11,"CC.HH AMAUTA","CALLE ARCOPUNCO",09:00,09:10,1,"CAMPANEO"
58,ZONA 03,MAÑANA,"LUNES,MIERCOLES,VIERNES",12,"CALLE ARCOPUNCO","AV. LA CULTURA, DIAGONAL RAMON ZAVALETA",09:10,09:20,1,"CAMPANEO"
59,ZONA 03,MAÑANA,"LUNES,MIERCOLES,VIERNES",13,"AV. LA CULTURA, DIAGONAL RAMON ZAVALETA","AV. TACNA (PARTE BAJA)",09:20,09:30,1,"CAMPANEO"
60,ZONA 03,MAÑANA,"LUNES,MIERCOLES,VIERNES",14,"AV. TACNA (PARTE BAJA)","AV. HUAYNA CCAPAC (PARTE BAJA)",09:30,09:40,1,"CAMPANEO"
61,ZONA 03,MAÑANA,"LUNES,MIERCOLES,VIERNES",15,"AV. HUAYNA CCAPAC (PARTE BAJA)","AV. MANCO INCA",09:40,09:50,1,"CAMPANEO"
62,ZONA 03,MAÑANA,"LUNES,MIERCOLES,VIERNES",16,"AV. MANCO INCA","AV. GARCILASO",09:50,10:00,1,"CAMPANEO"
63,ZONA 03,MAÑANA,"LUNES,MIERCOLES,VIERNES",17,"AV. GARCILASO","AV. HUASCAR",10:00,10:20,1,"CAMPANEO"
64,ZONA 03,MAÑANA,"LUNES,MIERCOLES,VIERNES",18,"AV. HUASCAR","CONDOMINIO HUASCAR",10:20,10:30,1,"CAMPANEO"
65,ZONA 03,MAÑANA,"MARTES,JUEVES,SABADO",1,"RECOJO DE RRSS MOLINO 1 Y 2","AV. 28 DE JULIO BAJADA (3ER PARADERO)",04:20,06:00,0,"Bloque inicial via publica (sin campaneo)"
66,ZONA 03,MAÑANA,"MARTES,JUEVES,SABADO",2,"AV. 28 DE JULIO BAJADA (3ER PARADERO)","JR. UNION",06:00,06:50,1,"CAMPANEO"
67,ZONA 03,MAÑANA,"MARTES,JUEVES,SABADO",3,"JR. UNION","JR. QORICANCHA",06:50,07:00,1,"CAMPANEO"
68,ZONA 03,MAÑANA,"MARTES,JUEVES,SABADO",4,"JR. QORICANCHA","AV 28 DE JULIO PARTE BAJA",07:00,07:10,1,"CAMPANEO"
69,ZONA 03,MAÑANA,"MARTES,JUEVES,SABADO",5,"AV 28 DE JULIO PARTE BAJA","AV. JORGE CHAVEZ",07:10,07:20,1,"CAMPANEO"
70,ZONA 03,MAÑANA,"MARTES,JUEVES,SABADO",6,"AV. JORGE CHAVEZ","AV. COSTANERA",07:20,07:30,1,"CAMPANEO"
71,ZONA 03,MAÑANA,"MARTES,JUEVES,SABADO",7,"AV. COSTANERA","URB. REYNA DE BELEN",07:30,08:30,1,"CAMPANEO"
72,ZONA 03,MAÑANA,"MARTES,JUEVES,SABADO",8,"URB. REYNA DE BELEN","APV. DANIEL PAIVA",08:30,08:50,1,"CAMPANEO"
73,ZONA 03,MAÑANA,"MARTES,JUEVES,SABADO",9,"APV. DANIEL PAIVA","APV. SIMON HERRERA",08:50,09:00,1,"CAMPANEO"
74,ZONA 03,MAÑANA,"MARTES,JUEVES,SABADO",10,"APV. SIMON HERRERA","APV. JOSE OLAYA",09:00,09:20,1,"CAMPANEO"
75,ZONA 03,MAÑANA,"MARTES,JUEVES,SABADO",11,"APV. JOSE OLAYA","APV. VALLECITO",09:20,09:50,1,"CAMPANEO"
76,ZONA 04,MAÑANA,"LUNES,MIERCOLES,VIERNES",1,"RECOJO DE RRSS DE VIA PUBLICA, REPUBLICA DE BOLIVIA, REPUBLICA DE URUGUAY, AV. AMERICA","JR. RETIRO",04:20,06:00,0,"Bloque inicial via publica (sin campaneo)"
77,ZONA 04,MAÑANA,"LUNES,MIERCOLES,VIERNES",2,"JR. RETIRO","AV. 24 DE JUNIO",06:00,06:10,1,"CAMPANEO"
78,ZONA 04,MAÑANA,"LUNES,MIERCOLES,VIERNES",3,"AV. 24 DE JUNIO","URB. FIDERANDA",06:10,06:20,1,"CAMPANEO"
79,ZONA 04,MAÑANA,"LUNES,MIERCOLES,VIERNES",4,"URB. FIDERANDA","PARQUE INTI QAWARINA",06:20,06:30,1,"CAMPANEO"
80,ZONA 04,MAÑANA,"LUNES,MIERCOLES,VIERNES",5,"PARQUE INTI QAWARINA","URB. CUATRO TORRES",06:30,06:45,1,"CAMPANEO"
81,ZONA 04,MAÑANA,"LUNES,MIERCOLES,VIERNES",6,"URB. CUATRO TORRES","URB. SANTA TERESA PARTE ALTA",06:45,07:10,1,"CAMPANEO"
82,ZONA 04,MAÑANA,"LUNES,MIERCOLES,VIERNES",7,"URB. SANTA TERESA PARTE ALTA","URB. LOS SAUCES (PROLOG. TUPAC AMARU)",07:10,07:30,1,"CAMPANEO"
83,ZONA 04,MAÑANA,"LUNES,MIERCOLES,VIERNES",8,"URB. LOS SAUCES (PROLOG. TUPAC AMARU)","URB. SANTA URSULA",07:30,08:00,1,"CAMPANEO"
84,ZONA 04,MAÑANA,"LUNES,MIERCOLES,VIERNES",9,"URB. SANTA URSULA","PRONAA",08:00,08:30,1,"CAMPANEO"
85,ZONA 04,MAÑANA,"LUNES,MIERCOLES,VIERNES",10,"PRONAA","AV. REPUBLICA DE PERU",08:30,09:20,1,"CAMPANEO (nota: hora 09:50 vs 09:20, se respeta orden del excel)"
86,ZONA 04,MAÑANA,"LUNES,MIERCOLES,VIERNES",11,"AV. REPUBLICA DE PERU","URB. VILLA PERIODISTA",09:20,09:40,1,"CAMPANEO"
87,ZONA 04,MAÑANA,"LUNES,MIERCOLES,VIERNES",12,"URB. VILLA PERIODISTA","URB. JOSE C. MARIATEGUI",09:40,09:50,1,"CAMPANEO (orden ajustado: URB. JOSE C. MARIATEGUI aparece con 09:50)"
88,ZONA 04,MAÑANA,"MARTES,JUEVES,SABADO",1,"RECOJO DE RRSS VIA PUBLICA, URB. SAUCES, URB. SANTA URSULA","URB. SANTA TERESA PARTE BAJA",04:10,06:00,0,"Bloque inicial via publica (sin campaneo)"
89,ZONA 04,MAÑANA,"MARTES,JUEVES,SABADO",2,"URB. SANTA TERESA PARTE BAJA","AV. REP DE URUGUAY",06:00,06:20,1,"CAMPANEO"
90,ZONA 04,MAÑANA,"MARTES,JUEVES,SABADO",3,"AV. REP DE URUGUAY","REPUBLICA DE ECUADOR",06:20,06:40,1,"CAMPANEO"
91,ZONA 04,MAÑANA,"MARTES,JUEVES,SABADO",4,"REPUBLICA DE ECUADOR","AV. LAS AMERICAS",06:40,07:30,1,"CAMPANEO"
92,ZONA 04,MAÑANA,"MARTES,JUEVES,SABADO",5,"AV. LAS AMERICAS","AV. REP. DE BOLIVIA",07:30,08:00,1,"CAMPANEO"
93,ZONA 04,MAÑANA,"MARTES,JUEVES,SABADO",6,"AV. REP. DE BOLIVIA","AV. REP. DE PARAGUAY",08:00,08:50,1,"CAMPANEO"
94,ZONA 04,MAÑANA,"MARTES,JUEVES,SABADO",7,"AV. REP. DE PARAGUAY","AV. REP. DE VENEZUELA",08:50,09:10,1,"CAMPANEO"
95,ZONA 04,MAÑANA,"MARTES,JUEVES,SABADO",8,"AV. REP. DE VENEZUELA","AV. REP. DE ARGENTINA",09:10,09:30,1,"CAMPANEO"
96,ZONA 04,MAÑANA,"MARTES,JUEVES,SABADO",9,"AV. REP. DE ARGENTINA","AV. REP. CHILE",09:30,09:40,1,"CAMPANEO"
97,ZONA 04,MAÑANA,"MARTES,JUEVES,SABADO",10,"AV. REP. CHILE","AV. REP. DE COLOMBIA",09:40,09:45,1,"CAMPANEO"
98,ZONA 04,MAÑANA,"MARTES,JUEVES,SABADO",11,"AV. REP. DE COLOMBIA","VIA EXPRESA, SAN FERNANDO",09:45,09:50,1,"CAMPANEO"
99,ZONA 04,MAÑANA,"MARTES,JUEVES,SABADO",12,"VIA EXPRESA, SAN FERNANDO","EMPRESA COLA REAL",09:50,10:00,1,"CAMPANEO"
100,ZONA 04,MAÑANA,"MARTES,JUEVES,SABADO",13,"EMPRESA COLA REAL","EMPRESA LECHE GLORIA",10:00,10:20,1,"CAMPANEO"
101,ZONA 04,MAÑANA,"MARTES,JUEVES,SABADO",14,"EMPRESA LECHE GLORIA","EMPRESA HELADOS ARTICA",10:20,10:40,1,"CAMPANEO"
102,ZONA 05,MAÑANA,"LUNES,MIERCOLES,VIERNES",1,"RECOJO DE RRSS DE VIA PUBLICA","PARQUE QUILLABAMBA",04:20,06:00,0,"Bloque inicial via publica (sin campaneo)"
103,ZONA 05,MAÑANA,"LUNES,MIERCOLES,VIERNES",2,"PARQUE QUILLABAMBA","JR. ANTA",06:00,06:30,1,"CAMPANEO"
104,ZONA 05,MAÑANA,"LUNES,MIERCOLES,VIERNES",3,"JR. ANTA","CALLE MARISCAL GAMARRA",06:30,06:40,1,"CAMPANEO"
105,ZONA 05,MAÑANA,"LUNES,MIERCOLES,VIERNES",4,"CALLE MARISCAL GAMARRA","RAMON CASTILLA",06:40,06:50,1,"CAMPANEO"
106,ZONA 05,MAÑANA,"LUNES,MIERCOLES,VIERNES",5,"RAMON CASTILLA","JR. LIBERTAD, JR. JUSTICIA",06:50,07:00,1,"CAMPANEO"
107,ZONA 05,MAÑANA,"LUNES,MIERCOLES,VIERNES",6,"JR. LIBERTAD, JR. JUSTICIA","URB. SAN BORJA ALTA (JR IQUITOS, JR ANCHASH)",07:00,07:20,1,"CAMPANEO"
108,ZONA 05,MAÑANA,"LUNES,MIERCOLES,VIERNES",7,"URB. SAN BORJA ALTA (JR IQUITOS, JR ANCHASH)","URB. SAN BORJA BAJA",07:20,08:00,1,"CAMPANEO"
109,ZONA 05,MAÑANA,"LUNES,MIERCOLES,VIERNES",8,"URB. SAN BORJA BAJA","URB. MATEO PUMACAHUA",08:00,08:20,1,"CAMPANEO"
110,ZONA 05,MAÑANA,"LUNES,MIERCOLES,VIERNES",9,"URB. MATEO PUMACAHUA","AV. TUPAC AMARU",08:20,08:30,1,"CAMPANEO"
111,ZONA 05,MAÑANA,"LUNES,MIERCOLES,VIERNES",10,"AV. TUPAC AMARU","JR. COYA",08:30,08:50,1,"CAMPANEO"
112,ZONA 05,MAÑANA,"LUNES,MIERCOLES,VIERNES",11,"JR. COYA","JR. SICUANI",08:50,09:00,1,"CAMPANEO"
113,ZONA 05,MAÑANA,"LUNES,MIERCOLES,VIERNES",12,"JR. SICUANI","JR. PARURO, LAMAY, URUBAMBA",09:00,09:10,1,"CAMPANEO"
114,ZONA 05,MAÑANA,"LUNES,MIERCOLES,VIERNES",13,"JR. PARURO, LAMAY, URUBAMBA","JR. ACOMAYO",09:10,09:30,1,"CAMPANEO"
115,ZONA 05,MAÑANA,"LUNES,MIERCOLES,VIERNES",14,"JR. ACOMAYO","PARQUE QUISPICANCHIS",09:30,10:00,1,"CAMPANEO"
116,ZONA 05,MAÑANA,"MARTES,JUEVES,SABADO",1,"RECOJO DE RRSS DE VIA PUBLICA, AV. LA CULTURA (PARTE BAJA), AV. M. GORDON MAGNE, URB. MARCAVALLE, LOCAL (MARCA VALLE)","URB. LA COLINA",04:20,06:00,0,"Bloque inicial via publica (sin campaneo)"
117,ZONA 05,MAÑANA,"MARTES,JUEVES,SABADO",2,"URB. LA COLINA","URB. ENTEL PERU",06:00,06:20,1,"CAMPANEO"
118,ZONA 05,MAÑANA,"MARTES,JUEVES,SABADO",3,"URB. ENTEL PERU","URB. SANTA BEATRIZ",06:20,06:40,1,"CAMPANEO"
119,ZONA 05,MAÑANA,"MARTES,JUEVES,SABADO",4,"URB. SANTA BEATRIZ","URB. MORALES BERMUDEZ",06:40,07:00,1,"CAMPANEO"
120,ZONA 05,MAÑANA,"MARTES,JUEVES,SABADO",5,"URB. MORALES BERMUDEZ","AV. HUAMANTIANA",07:00,07:10,1,"CAMPANEO"
121,ZONA 05,MAÑANA,"MARTES,JUEVES,SABADO",6,"AV. HUAMANTIANA","AV. TUPAC AMARU",07:10,07:20,1,"CAMPANEO"
122,ZONA 05,MAÑANA,"MARTES,JUEVES,SABADO",7,"AV. TUPAC AMARU","JR. ESPINAR",07:20,08:10,1,"CAMPANEO"
123,ZONA 05,MAÑANA,"MARTES,JUEVES,SABADO",8,"JR. ESPINAR","JR. CANAS",08:10,08:30,1,"CAMPANEO"
124,ZONA 05,MAÑANA,"MARTES,JUEVES,SABADO",9,"JR. CANAS","PARQUE SAN SEBASTIAN",08:30,08:50,1,"CAMPANEO"
125,ZONA 05,MAÑANA,"MARTES,JUEVES,SABADO",10,"PARQUE SAN SEBASTIAN","JR. LIBERTAD",08:50,09:00,1,"CAMPANEO"
126,ZONA 05,MAÑANA,"MARTES,JUEVES,SABADO",11,"JR. LIBERTAD","AV. JUSTICIA",09:00,09:30,1,"CAMPANEO"
127,ZONA 05,MAÑANA,"MARTES,JUEVES,SABADO",12,"AV. JUSTICIA","JR. CALCA",09:30,10:00,1,"CAMPANEO"
128,REPECHAJE,MAÑANA,"LUNES,MIERCOLES,VIERNES",1,"AV. 28 DE JULIO (BAJADA Y SUBIDA)","MERCADO TTIO Y TTIO NORTE",04:20,05:00,0,"REPECHAJE - SIN CAMPANEO"
129,REPECHAJE,MAÑANA,"LUNES,MIERCOLES,VIERNES",2,"MERCADO TTIO Y TTIO NORTE","AV. LA LIBERTAD",05:00,05:30,0,"REPECHAJE - SIN CAMPANEO"
130,REPECHAJE,MAÑANA,"LUNES,MIERCOLES,VIERNES",3,"AV. LA LIBERTAD","AV. QOSQO",05:30,05:45,0,"REPECHAJE - SIN CAMPANEO"
131,REPECHAJE,MAÑANA,"LUNES,MIERCOLES,VIERNES",4,"AV. QOSQO","AV. PERU",05:45,06:00,0,"REPECHAJE - SIN CAMPANEO"
132,REPECHAJE,MAÑANA,"LUNES,MIERCOLES,VIERNES",5,"AV. PERU","AV. JORGE CHAVEZ",06:00,06:30,0,"REPECHAJE - SIN CAMPANEO"
133,REPECHAJE,MAÑANA,"LUNES,MIERCOLES,VIERNES",6,"AV. JORGE CHAVEZ","JR. UNION",06:30,06:50,0,"REPECHAJE - SIN CAMPANEO"
134,REPECHAJE,MAÑANA,"LUNES,MIERCOLES,VIERNES",7,"JR. UNION","AV. COSTANERA",06:50,07:00,0,"REPECHAJE - SIN CAMPANEO"
135,REPECHAJE,MAÑANA,"LUNES,MIERCOLES,VIERNES",8,"AV. COSTANERA","AV. DANIEL PAIVA - URB. SIMON HERRERA",07:00,07:30,0,"REPECHAJE - SIN CAMPANEO"
136,REPECHAJE,MAÑANA,"LUNES,MIERCOLES,VIERNES",9,"AV. DANIEL PAIVA - URB. SIMON HERRERA","AV. VELASCO ASTETE - CCHH. HILARIO MENDIVIL",07:30,08:00,0,"REPECHAJE - SIN CAMPANEO"
137,REPECHAJE,MAÑANA,"LUNES,MIERCOLES,VIERNES",10,"AV. VELASCO ASTETE - CCHH. HILARIO MENDIVIL","CONTORNO CERCO PERIMETRICO DE AEROPUERTO",08:00,08:20,0,"REPECHAJE - SIN CAMPANEO"
138,REPECHAJE,MAÑANA,"LUNES,MIERCOLES,VIERNES",11,"CONTORNO CERCO PERIMETRICO DE AEROPUERTO","URB. SOL NACIENTE",08:20,08:40,0,"REPECHAJE - SIN CAMPANEO"
139,REPECHAJE,MAÑANA,"LUNES,MIERCOLES,VIERNES",12,"URB. SOL NACIENTE","",08:40,08:50,0,"REPECHAJE - SIN CAMPANEO (fin de ruta)"
140,REPECHAJE,MAÑANA,"MARTES,JUEVES,SABADO",1,"OVALO PACHACUTEQ","AV. INFANCIA - AV. LA PAZ",04:10,04:20,0,"REPECHAJE - SIN CAMPANEO"
141,REPECHAJE,MAÑANA,"MARTES,JUEVES,SABADO",2,"AV. INFANCIA - AV. LA PAZ","AV. CONFRATERNIDAD Y PRIMAVERA",04:20,04:50,0,"REPECHAJE - SIN CAMPANEO"
142,REPECHAJE,MAÑANA,"MARTES,JUEVES,SABADO",3,"AV. CONFRATERNIDAD Y PRIMAVERA","CALLEJON RETIRO",04:50,05:00,0,"REPECHAJE - SIN CAMPANEO"
143,REPECHAJE,MAÑANA,"MARTES,JUEVES,SABADO",4,"CALLEJON RETIRO","URB. FIDERANDA, URB. CUATRO TORRES",05:00,05:20,0,"REPECHAJE - SIN CAMPANEO"
144,REPECHAJE,MAÑANA,"MARTES,JUEVES,SABADO",5,"URB. FIDERANDA, URB. CUATRO TORRES","AV. PACHACUTEQ",05:20,05:40,0,"REPECHAJE - SIN CAMPANEO"
145,REPECHAJE,MAÑANA,"MARTES,JUEVES,SABADO",6,"AV. PACHACUTEQ","AV. MANCO CCAPAC - AV. TULLUMAYO",05:40,05:50,0,"REPECHAJE - SIN CAMPANEO"
146,REPECHAJE,MAÑANA,"MARTES,JUEVES,SABADO",7,"AV. MANCO CCAPAC - AV. TULLUMAYO","AV. HUASCAR Y MERCADO DE WANCHAQ",05:50,06:30,0,"REPECHAJE - SIN CAMPANEO"
147,REPECHAJE,MAÑANA,"MARTES,JUEVES,SABADO",8,"AV. HUASCAR Y MERCADO DE WANCHAQ","AV. GARCILASO",06:30,06:40,0,"REPECHAJE - SIN CAMPANEO"
148,REPECHAJE,MAÑANA,"MARTES,JUEVES,SABADO",9,"AV. GARCILASO","AV. HUAYNA CAPAC - AV TACNA",06:40,07:00,0,"REPECHAJE - SIN CAMPANEO"
149,REPECHAJE,MAÑANA,"MARTES,JUEVES,SABADO",10,"AV. HUAYNA CAPAC - AV TACNA","DIAGONAL RAMON ZAVALETA",07:00,07:30,0,"REPECHAJE - SIN CAMPANEO"
150,REPECHAJE,MAÑANA,"MARTES,JUEVES,SABADO",11,"DIAGONAL RAMON ZAVALETA","PLAZA TUPAC AMARU",07:30,07:40,0,"REPECHAJE - SIN CAMPANEO"
151,REPECHAJE,MAÑANA,"MARTES,JUEVES,SABADO",12,"PLAZA TUPAC AMARU","CCHH. PACHACUTEQ",07:40,07:50,0,"REPECHAJE - SIN CAMPANEO"
152,REPECHAJE,MAÑANA,"MARTES,JUEVES,SABADO",13,"CCHH. PACHACUTEQ","AV. LA CULTURA (PARTE ALTA HASTA D. ANGAMOS)",07:50,08:00,0,"REPECHAJE - SIN CAMPANEO"
153,REPECHAJE,MAÑANA,"MARTES,JUEVES,SABADO",14,"AV. LA CULTURA (PARTE ALTA HASTA D. ANGAMOS)","AV. LOS INCAS",08:00,08:10,0,"REPECHAJE - SIN CAMPANEO"
154,REPECHAJE,MAÑANA,"MARTES,JUEVES,SABADO",15,"AV. LOS INCAS","AV. MICAELA BASTIDAS",08:10,08:20,0,"REPECHAJE - SIN CAMPANEO"
155,REPECHAJE,MAÑANA,"MARTES,JUEVES,SABADO",16,"AV. MICAELA BASTIDAS","AV. TOMASA TTITO CONDEMAYTA",08:20,08:30,0,"REPECHAJE - SIN CAMPANEO"
156,REPECHAJE,MAÑANA,"MARTES,JUEVES,SABADO",17,"AV. TOMASA TTITO CONDEMAYTA","AV. HUAYRUROPATA",08:30,08:50,0,"REPECHAJE - SIN CAMPANEO"
157,REPECHAJE,MAÑANA,"MARTES,JUEVES,SABADO",18,"AV. HUAYRUROPATA","LOCAL DE LIMPIEZA PUBLICA (ALATRISTA)",08:50,09:00,0,"REPECHAJE - SIN CAMPANEO"
158,REPECHAJE,MAÑANA,"MARTES,JUEVES,SABADO",19,"LOCAL DE LIMPIEZA PUBLICA (ALATRISTA)","JR. IQUITOS, ANCASH",09:00,09:10,0,"REPECHAJE - SIN CAMPANEO"
159,REPECHAJE,MAÑANA,"MARTES,JUEVES,SABADO",20,"JR. IQUITOS, ANCASH","URB. SAN BORJA BAJA - AV. JR. ANTA",09:10,09:30,0,"REPECHAJE - SIN CAMPANEO"
160,REPECHAJE,MAÑANA,"MARTES,JUEVES,SABADO",21,"URB. SAN BORJA BAJA - AV. JR. ANTA","RESERVORIO LA FLORIDA, PARQ. QUILLABAMBA",09:30,09:50,0,"REPECHAJE - SIN CAMPANEO"
161,REPECHAJE,MAÑANA,"MARTES,JUEVES,SABADO",22,"RESERVORIO LA FLORIDA, PARQ. QUILLABAMBA","PARQUE SICUANI, COYA, PARURO Y ACOMAYO",09:50,10:00,0,"REPECHAJE - SIN CAMPANEO"
162,REPECHAJE,MAÑANA,"MARTES,JUEVES,SABADO",23,"PARQUE SICUANI, COYA, PARURO Y ACOMAYO","AV. TUPAC AMARU (PARTE ALTA)",10:00,10:10,0,"REPECHAJE - SIN CAMPANEO"
163,REPECHAJE,MAÑANA,"MARTES,JUEVES,SABADO",24,"AV. TUPAC AMARU (PARTE ALTA)","URB. MATEO PUMACAHUA",10:10,10:20,0,"REPECHAJE - SIN CAMPANEO"
164,TURNO TARDE,TARDE,"LUNES,MIERCOLES,VIERNES",1,"SUPERMERCADOS ORION, SUPER SOL PLAZA T. AMARU","REGION CUSCO",12:20,13:00,0,"SIN CAMPANEO"
165,TURNO TARDE,TARDE,"LUNES,MIERCOLES,VIERNES",2,"REGION CUSCO","SUPER MERCADO SUPER SOL (AV. JORGE CHAVEZ)",13:00,14:00,0,"SIN CAMPANEO"
166,TURNO TARDE,TARDE,"LUNES,MIERCOLES,VIERNES",3,"SUPER MERCADO SUPER SOL (AV. JORGE CHAVEZ)","MERCADO TTIO",14:00,15:00,0,"SIN CAMPANEO (fin de ruta sin campaneo)"
167,TURNO TARDE,TARDE,"LUNES,MIERCOLES,VIERNES",4,"MERCADO TTIO","CALLE CONSTANZA (CANASTA)",15:00,15:30,1,"CAMPANEO"
168,TURNO TARDE,TARDE,"LUNES,MIERCOLES,VIERNES",5,"CALLE CONSTANZA (CANASTA)","AV. LOS INCAS",15:30,15:40,1,"CAMPANEO"
169,TURNO TARDE,TARDE,"LUNES,MIERCOLES,VIERNES",6,"AV. LOS INCAS","ESSALUD",15:40,16:00,0,"SIN CAMPANEO (transicion)"
170,TURNO TARDE,TARDE,"LUNES,MIERCOLES,VIERNES",7,"ESSALUD","AV. MICAELA BASTIDAS",16:00,16:10,0,"SIN CAMPANEO"
171,TURNO TARDE,TARDE,"LUNES,MIERCOLES,VIERNES",8,"AV. MICAELA BASTIDAS","CCHH. PACHACUTEQ, PLAZA TUPAC AMARU",16:10,16:30,0,"SIN CAMPANEO"
172,TURNO TARDE,TARDE,"LUNES,MIERCOLES,VIERNES",9,"CCHH. PACHACUTEQ, PLAZA TUPAC AMARU","MERCADO DE WANCHAQ",16:30,16:45,0,"SIN CAMPANEO (fin de ruta)"
173,TURNO TARDE,TARDE,"MARTES,JUEVES,SABADO",1,"PERU RAIL (JUEVES) ES SALUD","SUPERMERCADOS ORION (MARCAVALLE)",12:20,13:00,0,"SIN CAMPANEO (solo jueves)"
174,TURNO TARDE,TARDE,"MARTES,JUEVES,SABADO",2,"SUPERMERCADOS ORION (MARCAVALLE)","C. REFORMATORIO DE MENORES (MARCAVALLE)",13:00,14:00,0,"SIN CAMPANEO"
175,TURNO TARDE,TARDE,"MARTES,JUEVES,SABADO",3,"C. REFORMATORIO DE MENORES (MARCAVALLE)","MERCADO TTIO",14:00,14:45,0,"SIN CAMPANEO"
176,TURNO TARDE,TARDE,"MARTES,JUEVES,SABADO",4,"MERCADO TTIO","AV. MICAELA BASTIDAS",14:45,15:30,0,"SIN CAMPANEO"
177,TURNO TARDE,TARDE,"MARTES,JUEVES,SABADO",5,"AV. MICAELA BASTIDAS","CCHH. PACHACUTEQ, PLAZA TUPAC AMARU",15:30,16:00,0,"SIN CAMPANEO"
178,TURNO TARDE,TARDE,"MARTES,JUEVES,SABADO",6,"CCHH. PACHACUTEQ, PLAZA TUPAC AMARU","MERCADO WANCHAQ",16:00,16:30,0,"SIN CAMPANEO"
179,FURGON,MAÑANA,"LUNES,MIERCOLES,VIERNES",1,"RECOJO DE TIERRAS","URB. KENNEDY A, URB. ENTEL, URB. BEATRIZ",04:00,06:00,0,"FURGON - SIN CAMPANEO (recojo de tierras)"
180,FURGON,MAÑANA,"LUNES,MIERCOLES,VIERNES",2,"URB. KENNEDY A, URB. ENTEL, URB. BEATRIZ","JR. LIBERTAD, AV. JUSTICIA (PARTE BAJA)",06:00,06:30,0,"FURGON - SIN CAMPANEO"
181,FURGON,MAÑANA,"LUNES,MIERCOLES,VIERNES",3,"JR. LIBERTAD, AV. JUSTICIA (PARTE BAJA)","AV. 28 DE JULIO (BAJADA Y SUBIDA)",06:30,06:45,0,"FURGON - SIN CAMPANEO"
182,FURGON,MAÑANA,"LUNES,MIERCOLES,VIERNES",4,"AV. 28 DE JULIO (BAJADA Y SUBIDA)","AV. PRINCIPALES Y RECOJO DE TACHOS DE BARRIDO",06:45,07:00,0,"FURGON - SIN CAMPANEO"
183,FURGON,MAÑANA,"LUNES,MIERCOLES,VIERNES",5,"AV. PRINCIPALES Y RECOJO DE TACHOS DE BARRIDO","CALLE UNION",07:00,07:20,0,"FURGON - SIN CAMPANEO"
184,FURGON,MAÑANA,"LUNES,MIERCOLES,VIERNES",6,"CALLE UNION","AV. COSTANERA, AV. DANIEL PAIVA",07:20,07:30,0,"FURGON - SIN CAMPANEO"
185,FURGON,MAÑANA,"LUNES,MIERCOLES,VIERNES",7,"AV. COSTANERA, AV. DANIEL PAIVA","URB. SIMON HERRERA",07:30,07:40,0,"FURGON - SIN CAMPANEO"
186,FURGON,MAÑANA,"LUNES,MIERCOLES,VIERNES",8,"URB. SIMON HERRERA","AV. VELASCO ASTETE, CCHH. HILARIO MENDIVIL",07:40,07:55,0,"FURGON - SIN CAMPANEO"
187,FURGON,MAÑANA,"LUNES,MIERCOLES,VIERNES",9,"AV. VELASCO ASTETE, CCHH. HILARIO MENDIVIL","AV. JORGE CHAVEZ",07:55,08:10,0,"FURGON - SIN CAMPANEO"
188,FURGON,MAÑANA,"LUNES,MIERCOLES,VIERNES",10,"AV. JORGE CHAVEZ","AV. LIBERTAD, AV. PERU, AV. QOSQO",08:10,08:20,0,"FURGON - SIN CAMPANEO"
189,FURGON,MAÑANA,"LUNES,MIERCOLES,VIERNES",11,"AV. LIBERTAD, AV. PERU, AV. QOSQO","AV. TUPAC AMARU, URB. TTIO LA FLORIDA",08:20,09:00,0,"FURGON - SIN CAMPANEO"
190,FURGON,MAÑANA,"MARTES,JUEVES,SABADO",1,"RECOJO DE TIERRAS","AV. PRINCIPALES Y RECOJO DE TACHOS DE BARRIDO",04:00,06:30,0,"FURGON - SIN CAMPANEO (recojo de tierras)"
191,FURGON,MAÑANA,"MARTES,JUEVES,SABADO",2,"AV. PRINCIPALES Y RECOJO DE TACHOS DE BARRIDO","ALAMEDA PACHACUTEQ",06:30,06:50,0,"FURGON - SIN CAMPANEO"
192,FURGON,MAÑANA,"MARTES,JUEVES,SABADO",3,"ALAMEDA PACHACUTEQ","AV. TULLUMAYO",06:50,07:00,0,"FURGON - SIN CAMPANEO"
193,FURGON,MAÑANA,"MARTES,JUEVES,SABADO",4,"AV. TULLUMAYO","AV. LA CULTURA PARTE ALTA",07:00,07:20,0,"FURGON - SIN CAMPANEO (hora 02:24 corregida a 07:20 por error de Excel)"
194,FURGON,MAÑANA,"MARTES,JUEVES,SABADO",5,"AV. LA CULTURA PARTE ALTA","AV. LOS INCAS, AV. MICAELA BASTIDAS",07:20,07:40,0,"FURGON - SIN CAMPANEO"
195,FURGON,MAÑANA,"MARTES,JUEVES,SABADO",6,"AV. LOS INCAS, AV. MICAELA BASTIDAS","PLAZA TUPAC AMARU",07:40,07:50,0,"FURGON - SIN CAMPANEO"
196,FURGON,MAÑANA,"MARTES,JUEVES,SABADO",7,"PLAZA TUPAC AMARU","AV. GARCILASO, AV. HUASCAR",07:50,08:10,0,"FURGON - SIN CAMPANEO"
197,FURGON,MAÑANA,"MARTES,JUEVES,SABADO",8,"AV. GARCILASO, AV. HUASCAR","AV. PACHACUTEQ, AV. MANCO CAPAC",08:10,08:20,0,"FURGON - SIN CAMPANEO"
198,FURGON,MAÑANA,"MARTES,JUEVES,SABADO",9,"AV. PACHACUTEQ, AV. MANCO CAPAC","AV. TOMASA TTITO CONDEMAYTA",08:20,08:30,0,"FURGON - SIN CAMPANEO"
199,FURGON,MAÑANA,"MARTES,JUEVES,SABADO",10,"AV. TOMASA TTITO CONDEMAYTA","AV. HUAYRUROPATA",08:30,08:40,0,"FURGON - SIN CAMPANEO"
200,FURGON,MAÑANA,"MARTES,JUEVES,SABADO",11,"AV. HUAYRUROPATA","URB. CUATRO TORRES",08:40,08:50,0,"FURGON - SIN CAMPANEO"
201,FURGON,MAÑANA,"MARTES,JUEVES,SABADO",12,"URB. CUATRO TORRES","AV. INFANCIA",08:50,09:00,0,"FURGON - SIN CAMPANEO"
202,FURGON,MAÑANA,"MARTES,JUEVES,SABADO",13,"AV. INFANCIA","URB. SAN BORJA (JR. IQUITOS, JR. ANCASH)",09:00,09:20,0,"FURGON - SIN CAMPANEO"
203,FURGON,MAÑANA,"MARTES,JUEVES,SABADO",14,"URB. SAN BORJA (JR. IQUITOS, JR. ANCASH)","JR. ANTA, AV. TUPAC AMARU",09:20,09:30,0,"FURGON - SIN CAMPANEO"
204,FURGON,MAÑANA,"MARTES,JUEVES,SABADO",15,"JR. ANTA, AV. TUPAC AMARU","RESERVORIO DE FLORIDA, PARQUE QUILLABAMBA",09:30,09:45,0,"FURGON - SIN CAMPANEO (fin de ruta)"
205,TURNO DOMINICAL,DOMINGO,MAÑANA,ZONA 01,1,"AV. INFANCIA - AV. LA PAZ","",,,0,"SIN HORA ASIGNADA"
206,TURNO DOMINICAL,DOMINGO,MAÑANA,ZONA 01,2,"AV. CONFRATERNIDAD - CALLE PRIMAVERA","",,,0,"SIN HORA ASIGNADA"
207,TURNO DOMINICAL,DOMINGO,MAÑANA,ZONA 01,3,"AV. PACHACUTEC","",,,0,"SIN HORA ASIGNADA"
208,TURNO DOMINICAL,DOMINGO,MAÑANA,ZONA 01,4,"AV. MANCO CAPAC","",,,0,"SIN HORA ASIGNADA"
209,TURNO DOMINICAL,DOMINGO,MAÑANA,ZONA 01,5,"AV. GARCILASO - AV. HUASCAR","",,,0,"SIN HORA ASIGNADA"
210,TURNO DOMINICAL,DOMINGO,MAÑANA,ZONA 01,6,"AV. TULLUMAYO - ARCOPUNCO","",,,0,"SIN HORA ASIGNADA"
211,TURNO DOMINICAL,DOMINGO,MAÑANA,ZONA 01,7,"AV. CULTURA (HASTA DIAGONAL)","",,,0,"SIN HORA ASIGNADA"
212,TURNO DOMINICAL,DOMINGO,MAÑANA,ZONA 01,8,"AV. HUAYNA CAPAC - AV. TACNA","",,,0,"SIN HORA ASIGNADA"
213,TURNO DOMINICAL,DOMINGO,MAÑANA,ZONA 01,9,"PLAZA TUPAC AMARU - CCHH. PACHACUTEC","",,,0,"SIN HORA ASIGNADA"
214,TURNO DOMINICAL,DOMINGO,MAÑANA,ZONA 01,10,"AV. LOS INCAS - AV. MICAELA BASTIDAS","",,,0,"SIN HORA ASIGNADA"
215,TURNO DOMINICAL,DOMINGO,MAÑANA,ZONA 01,11,"AV. TOMASA TTITO CONDEMAYTA","",,,0,"SIN HORA ASIGNADA"
216,TURNO DOMINICAL,DOMINGO,MAÑANA,ZONA 01,12,"AV. HUAYRUROPATA","",,,0,"SIN HORA ASIGNADA"
217,TURNO DOMINICAL,DOMINGO,MAÑANA,ZONA 01,13,"JR. ANCASH - JR. IQUITOS","",,,0,"SIN HORA ASIGNADA"
218,TURNO DOMINICAL,DOMINGO,MAÑANA,ZONA 02,1,"AV. 28 DE JULIO (BAJADA Y SUBIDA)","",,,0,"SIN HORA ASIGNADA"
219,TURNO DOMINICAL,DOMINGO,MAÑANA,ZONA 02,2,"CALLE UNION","",,,0,"SIN HORA ASIGNADA"
220,TURNO DOMINICAL,DOMINGO,MAÑANA,ZONA 02,3,"AV. COSTANERA","",,,0,"SIN HORA ASIGNADA"
221,TURNO DOMINICAL,DOMINGO,MAÑANA,ZONA 02,4,"AV. DANIEL PAIVA, URB. SIMON HERRERA","",,,0,"SIN HORA ASIGNADA"
222,TURNO DOMINICAL,DOMINGO,MAÑANA,ZONA 02,5,"AV. VELASCO ASTETE","",,,0,"SIN HORA ASIGNADA"
223,TURNO DOMINICAL,DOMINGO,MAÑANA,ZONA 02,6,"SR. DE LOS MILAGROS","",,,0,"SIN HORA ASIGNADA"
224,TURNO DOMINICAL,DOMINGO,MAÑANA,ZONA 02,7,"CCHH. HILARIO MENDIVIL","",,,0,"SIN HORA ASIGNADA"
225,TURNO DOMINICAL,DOMINGO,MAÑANA,ZONA 02,8,"PARED DEL AEROPUERTO","",,,0,"SIN HORA ASIGNADA"
226,TURNO DOMINICAL,DOMINGO,MAÑANA,ZONA 02,9,"URB. KENNEDY B","",,,0,"SIN HORA ASIGNADA"
227,TURNO DOMINICAL,DOMINGO,MAÑANA,ZONA 02,10,"AV. JORGE CHAVEZ","",,,0,"SIN HORA ASIGNADA"
228,TURNO DOMINICAL,DOMINGO,MAÑANA,ZONA 02,11,"AV. QOSQO, AV. JR. LIBERTAD","",,,0,"SIN HORA ASIGNADA"
229,TURNO DOMINICAL,DOMINGO,MAÑANA,ZONA 02,12,"AV. PERU","",,,0,"SIN HORA ASIGNADA"
230,TURNO DOMINICAL,DOMINGO,MAÑANA,ZONA 03,1,"URB. CUATRO TORRES - URB. FIDERANDA","",,,0,"SIN HORA ASIGNADA"
231,TURNO DOMINICAL,DOMINGO,MAÑANA,ZONA 03,2,"URB. MATEO PUMACAHUA, AV. TUPAC AMARU HASTA CALCA","",,,0,"SIN HORA ASIGNADA"
232,TURNO DOMINICAL,DOMINGO,MAÑANA,ZONA 03,3,"JR. CALCA","",,,0,"SIN HORA ASIGNADA"
233,TURNO DOMINICAL,DOMINGO,MAÑANA,ZONA 03,4,"URB. SAN BORJA - JR. ANTA","",,,0,"SIN HORA ASIGNADA"
234,TURNO DOMINICAL,DOMINGO,MAÑANA,ZONA 03,5,"AV. TUPAC AMARU, JR. ESPINAR","",,,0,"SIN HORA ASIGNADA"
235,TURNO DOMINICAL,DOMINGO,MAÑANA,ZONA 03,6,"CANCHA SAN FRANCISCO","",,,0,"SIN HORA ASIGNADA"
236,TURNO DOMINICAL,DOMINGO,MAÑANA,ZONA 03,7,"PARQUE SICUANI","",,,0,"SIN HORA ASIGNADA"
237,TURNO DOMINICAL,DOMINGO,MAÑANA,ZONA 03,8,"RESERVORIO DE FLORIDA - PARQUE QUILLABAMBA","",,,0,"SIN HORA ASIGNADA"
238,TURNO DOMINICAL,DOMINGO,MAÑANA,ZONA 03,9,"URB. ENTEL PERU","",,,0,"SIN HORA ASIGNADA"
239,TURNO DOMINICAL,DOMINGO,MAÑANA,ZONA 03,10,"AV. REPUBLICA DE BRASIL","",,,0,"SIN HORA ASIGNADA"
240,TURNO DOMINICAL,DOMINGO,MAÑANA,ZONA 03,11,"AV. REPUBLICA DE BOLIVIA, AV. REPUBLICA DE URUGUAY","",,,0,"SIN HORA ASIGNADA"
241,TURNO DOMINICAL,DOMINGO,MAÑANA,ZONA 03,12,"URB. MARCAVALLE Y LOCAL DE MARCAVALLE","",,,0,"SIN HORA ASIGNADA"
242,TURNO DOMINICAL,DOMINGO,MAÑANA,ZONA 03,13,"URB. SANTA ROSA","",,,0,"SIN HORA ASIGNADA"
243,TURNO DOMINICAL,DOMINGO,MAÑANA,ZONA 03,14,"URB. SAUCES Y SANTA URSULA","",,,0,"SIN HORA ASIGNADA"
244,TURNO NOCHE,NOCHE,"DOMINGO Y LUNES",ZONA 02,1,"CALLE UNION, MOLINO (CAMPANEO)","AV. COSTANERA",,,1,"SIN HORA ASIGNADA (campaneo activo)"
245,TURNO NOCHE,NOCHE,"DOMINGO Y LUNES",ZONA 02,2,"AV. COSTANERA","AV. JORGE CHAVEZ",,,1,"SIN HORA ASIGNADA"
246,TURNO NOCHE,NOCHE,"DOMINGO Y LUNES",ZONA 02,3,"AV. JORGE CHAVEZ","AV. VELASCO ASTETE (BAJADA Y SUBIDA)",,,1,"SIN HORA ASIGNADA"
247,TURNO NOCHE,NOCHE,"DOMINGO Y LUNES",ZONA 02,4,"AV. VELASCO ASTETE (BAJADA Y SUBIDA)","AV. QOSQO",,,1,"SIN HORA ASIGNADA"
248,TURNO NOCHE,NOCHE,"DOMINGO Y LUNES",ZONA 02,5,"AV. QOSQO","AV. DIAGONAL ANGAMOS",,,1,"SIN HORA ASIGNADA"
249,TURNO NOCHE,NOCHE,"DOMINGO Y LUNES",ZONA 02,6,"AV. DIAGONAL ANGAMOS","AV. LA CULTURA",,,1,"SIN HORA ASIGNADA"
250,TURNO NOCHE,NOCHE,"DOMINGO Y LUNES",ZONA 02,7,"AV. LA CULTURA","URB. SANTA ROSA",,,1,"SIN HORA ASIGNADA"
251,TURNO NOCHE,NOCHE,"DOMINGO Y LUNES",ZONA 02,8,"URB. SANTA ROSA","URB. MARCAVALLE",,,1,"SIN HORA ASIGNADA"
252,TURNO NOCHE,NOCHE,"DOMINGO Y LUNES",ZONA 02,9,"URB. MARCAVALLE","AV. TUPAC AMARU (RESERVORIO DE FLORIDA)",,,1,"SIN HORA ASIGNADA"
253,TURNO NOCHE,NOCHE,"DOMINGO Y LUNES",ZONA 02,10,"AV. TUPAC AMARU (RESERVORIO DE FLORIDA)","AV. JR. ANTA - JR. ANCASH",,,1,"SIN HORA ASIGNADA"
254,TURNO NOCHE,NOCHE,"DOMINGO Y LUNES",ZONA 02,11,"AV. JR. ANTA - JR. ANCASH","FIDERANDA",,,1,"SIN HORA ASIGNADA"
255,TURNO NOCHE,NOCHE,"DOMINGO Y LUNES",ZONA 02,12,"FIDERANDA","AV. INFANCIA",,,1,"SIN HORA ASIGNADA"
256,TURNO NOCHE,NOCHE,"DOMINGO Y LUNES",ZONA 02,13,"AV. INFANCIA","CONFRATERNIDAD",,,1,"SIN HORA ASIGNADA"
257,TURNO NOCHE,NOCHE,"LUNES A DOMINGO",ZONA 01,1,"PLAZA TUPAC AMARU, CCHH. PACHACUTEQ","AV. CULTURA",20:00,20:30,0,"REPECHAJE (sin campaneo)"
258,TURNO NOCHE,NOCHE,"LUNES A DOMINGO",ZONA 01,2,"AV. CULTURA","AV. HUAYRUROPATA",20:30,21:00,0,"REPECHAJE (sin campaneo)"
259,TURNO NOCHE,NOCHE,"LUNES A DOMINGO",ZONA 01,3,"AV. HUAYRUROPATA","AV. MANCOCAPAC",21:00,21:30,0,"REPECHAJE (sin campaneo)"
260,TURNO NOCHE,NOCHE,"LUNES A DOMINGO",ZONA 01,4,"AV. MANCOCAPAC","AV. PACHACUTEQ",21:30,22:00,0,"REPECHAJE (sin campaneo)"
261,TURNO NOCHE,NOCHE,"LUNES A DOMINGO",ZONA 01,5,"AV. PACHACUTEQ","AV. CONSTANZA - AV. LOS INCAS",22:00,22:30,0,"REPECHAJE (sin campaneo)"
262,TURNO NOCHE,NOCHE,"LUNES A DOMINGO",ZONA 01,6,"AV. CONSTANZA - AV. LOS INCAS","AV. MICAELA BASTIDAS",22:30,23:00,0,"REPECHAJE (sin campaneo)"
263,TURNO NOCHE,NOCHE,"LUNES A DOMINGO",ZONA 01,7,"AV. MICAELA BASTIDAS","AV. GARCILASO, AV. TULLUMAYO",23:00,23:30,0,"REPECHAJE (sin campaneo)"
264,TURNO NOCHE,NOCHE,"LUNES A DOMINGO",ZONA 01,8,"AV. GARCILASO, AV. TULLUMAYO","AV. HUASCAR, MERCADO DE WANCHAQ",23:30,00:05,0,"REPECHAJE (sin campaneo)"
265,TURNO NOCHE,NOCHE,"LUNES A DOMINGO",ZONA 01,9,"AV. HUASCAR, MERCADO DE WANCHAQ","AV. HUAYNA CAPAC, AV. TACNA",00:05,00:20,0,"REPECHAJE (sin campaneo)"
266,TURNO NOCHE,NOCHE,"LUNES A DOMINGO",ZONA 01,10,"AV. HUAYNA CAPAC, AV. TACNA","",00:20,00:30,0,"REPECHAJE - FIN DE RUTA (repechajear todas las avenidas)"